Run,Time_ms
1,50545.649665000
2,44722.687549000
3,50084.127412000
4,53396.961140000
5,44830.309368000
6,46787.689159000
7,44214.027620000
8,43881.794251000
9,46750.839481000
10,44222.484442000
