Run,Time_ms
1,127419.852152000
2,93949.754499000
3,93604.148263000
4,111582.019864000
5,104014.656464000
6,95423.684264000
7,96108.218768000
8,118803.345696000
9,94433.545332000
10,104522.992258000
